{"_type":"export","__export_format":4,"__export_date":"2022-01-14T11:50:51.742Z","__export_source":"insomnia.desktop.app:v2021.7.2","resources":[{"_id":"req_efcadee1c4fc48f099644e23398a5d29","parentId":"fld_fd1f956aae16470fafdc3d611d34a80a","modified":1642159057139,"created":1642157007062,"url":"{{url}}/register","name":"/register","description":"","method":"POST","body":{"mimeType":"","text":"{\n\t\"username\": \"user1\",\n\t\"password\": \"abcxyz\"\n}"},"parameters":[],"headers":[{"name":"Content-Type","value":"application/json","id":"pair_64c3752c7f694f0aa830bacba3b35aea"},{"name":"Authorization","value":"JWT","id":"pair_d143b36c4aa74f9681dc1590970da3b7"}],"authentication":{},"metaSortKey":-1642157660252,"isPrivate":false,"settingStoreCookies":true,"settingSendCookies":true,"settingDisableRenderRequestBody":false,"settingEncodeUrl":true,"settingRebuildPath":true,"settingFollowRedirects":"global","_type":"request"},{"_id":"fld_fd1f956aae16470fafdc3d611d34a80a","parentId":"wrk_c441bf446d174d1bb2f01c7ad66c695b","modified":1642157670592,"created":1642157670592,"name":"Authentication","description":"","environment":{},"environmentPropertyOrder":null,"metaSortKey":-1642157670592,"_type":"request_group"},{"_id":"wrk_c441bf446d174d1bb2f01c7ad66c695b","parentId":null,"modified":1642157007080,"created":1642149963161,"name":"Stores REST API","description":"","scope":"collection","_type":"workspace"},{"_id":"req_16415c75944342dab73119513e7bd20b","parentId":"fld_fd1f956aae16470fafdc3d611d34a80a","modified":1642159087108,"created":1642157007061,"url":"{{url}}/login","name":"/auth","description":"","method":"POST","body":{"mimeType":"","text":"{\n\t\"username\": \"user1\",\n\t\"password\": \"abcxyz\"\n}"},"parameters":[],"headers":[{"name":"Content-Type","value":"application/json","id":"pair_a8caec1064eb43b7ac5c8c9294be13a3"}],"authentication":{},"metaSortKey":-1642157660202,"isPrivate":false,"settingStoreCookies":true,"settingSendCookies":true,"settingDisableRenderRequestBody":false,"settingEncodeUrl":true,"settingRebuildPath":true,"settingFollowRedirects":"global","_type":"request"},{"_id":"req_b08c51961bea4413a31fba1af93b3759","parentId":"fld_5bf669c32c3145a3a80dee2d6523f9ac","modified":1642159093249,"created":1642157007054,"url":"{{url}}/item/my_item","name":"/item/<name>","description":"","method":"POST","body":{"mimeType":"","text":"{\n\t\"price\": 17.99,\n\t\"store_id\": 3\n}"},"parameters":[],"headers":[{"name":"Content-Type","value":"application/json","id":"pair_9ded5c5a9c7e452386a15e8cc29bdcab"},{"id":"pair_4926e48dcb594eaa9c79a78b801b708f","name":"Authorization","value":"Bearer {% response 'body', 'req_16415c75944342dab73119513e7bd20b', 'b64::JC5hY2Nlc3NfdG9rZW4=::46b', 'always', 60 %}","description":""}],"authentication":{},"metaSortKey":-1642157007278.3906,"isPrivate":false,"settingStoreCookies":true,"settingSendCookies":true,"settingDisableRenderRequestBody":false,"settingEncodeUrl":true,"settingRebuildPath":true,"settingFollowRedirects":"global","_type":"request"},{"_id":"fld_5bf669c32c3145a3a80dee2d6523f9ac","parentId":"wrk_c441bf446d174d1bb2f01c7ad66c695b","modified":1642157649712,"created":1642157649712,"name":"Items","description":"","environment":{},"environmentPropertyOrder":null,"metaSortKey":-1642157649712,"_type":"request_group"},{"_id":"req_e553e5091f714becb81e1b27bfc8f34b","parentId":"fld_5bf669c32c3145a3a80dee2d6523f9ac","modified":1642160992156,"created":1642157007053,"url":"{{url}}/item/my_item","name":"/item/my_item","description":"","method":"GET","body":{},"parameters":[],"headers":[{"name":"Authorization","value":"Bearer {{access_token}}","id":"pair_593ef7235a0d4f73b2fd09bd50f6c0c7"}],"authentication":{},"metaSortKey":-1642157007253.3906,"isPrivate":false,"settingStoreCookies":true,"settingSendCookies":true,"settingDisableRenderRequestBody":false,"settingEncodeUrl":true,"settingRebuildPath":true,"settingFollowRedirects":"global","_type":"request"},{"_id":"req_1f64b6c8fc8642aa9c267c8d49c72435","parentId":"fld_5bf669c32c3145a3a80dee2d6523f9ac","modified":1642157976127,"created":1642157007052,"url":"{{url}}/item/my_item","name":"/item/my_item","description":"","method":"DELETE","body":{},"parameters":[],"headers":[{"id":"pair_62498017fcb34ba0a3a19b4e0f2d4499","name":"Authorization","value":"Bearer {{access_token}}","description":""}],"authentication":{},"metaSortKey":-1642157007228.3906,"isPrivate":false,"settingStoreCookies":true,"settingSendCookies":true,"settingDisableRenderRequestBody":false,"settingEncodeUrl":true,"settingRebuildPath":true,"settingFollowRedirects":"global","_type":"request"},{"_id":"req_69d7ed86b4dc4b72a72778f97a77e05c","parentId":"fld_5bf669c32c3145a3a80dee2d6523f9ac","modified":1642157658823,"created":1642157007048,"url":"{{url}}/item","name":"/item","description":"","method":"GET","body":{},"parameters":[],"headers":[],"authentication":{},"metaSortKey":-1642157007178.3906,"isPrivate":false,"settingStoreCookies":true,"settingSendCookies":true,"settingDisableRenderRequestBody":false,"settingEncodeUrl":true,"settingRebuildPath":true,"settingFollowRedirects":"global","_type":"request"},{"_id":"req_054be716de114cc49d6e49d04a5a901b","parentId":"fld_adac84f9834d4e948ceb02807787c935","modified":1642159101503,"created":1642157684047,"url":"{{url}}/tag/my_tag","name":"/tag/<name>","description":"","method":"POST","body":{"mimeType":"","text":"{\n\t\"item_id\": {% response 'body', 'req_e553e5091f714becb81e1b27bfc8f34b', 'b64::JC5pZA==::46b', 'never', 60 %}\n}"},"parameters":[],"headers":[{"name":"Content-Type","value":"application/json","id":"pair_9ded5c5a9c7e452386a15e8cc29bdcab"}],"authentication":{},"metaSortKey":-1642157007278.3906,"isPrivate":false,"settingStoreCookies":true,"settingSendCookies":true,"settingDisableRenderRequestBody":false,"settingEncodeUrl":true,"settingRebuildPath":true,"settingFollowRedirects":"global","_type":"request"},{"_id":"fld_adac84f9834d4e948ceb02807787c935","parentId":"wrk_c441bf446d174d1bb2f01c7ad66c695b","modified":1642157684028,"created":1642157684028,"name":"Tags","description":"","environment":{},"environmentPropertyOrder":null,"metaSortKey":-1642157641282.5,"_type":"request_group"},{"_id":"req_a5b2631adf9e4ef894a8a1b9d2c77aa8","parentId":"fld_adac84f9834d4e948ceb02807787c935","modified":1642158069229,"created":1642157684046,"url":"{{url}}/tag/my_tag","name":"/tag/my_tag","description":"","method":"GET","body":{},"parameters":[],"headers":[{"name":"Authorization","value":"JWT ","id":"pair_593ef7235a0d4f73b2fd09bd50f6c0c7"}],"authentication":{},"metaSortKey":-1642157007253.3906,"isPrivate":false,"settingStoreCookies":true,"settingSendCookies":true,"settingDisableRenderRequestBody":false,"settingEncodeUrl":true,"settingRebuildPath":true,"settingFollowRedirects":"global","_type":"request"},{"_id":"req_5dbef7a9b30d4ee68c148c4af447c241","parentId":"fld_adac84f9834d4e948ceb02807787c935","modified":1642158073367,"created":1642157684041,"url":"{{url}}/tag/my_tag","name":"/tag/my_tag","description":"","method":"DELETE","body":{},"parameters":[],"headers":[],"authentication":{},"metaSortKey":-1642157007228.3906,"isPrivate":false,"settingStoreCookies":true,"settingSendCookies":true,"settingDisableRenderRequestBody":false,"settingEncodeUrl":true,"settingRebuildPath":true,"settingFollowRedirects":"global","_type":"request"},{"_id":"req_7e8e3838e1cb41b485e091bf667b0764","parentId":"fld_d76a6a294c734ea9bbc6fedf33cc29eb","modified":1642157645538,"created":1642157007056,"url":"{{url}}/store/my_store","name":"/store/<name>","description":"","method":"POST","body":{},"parameters":[],"headers":[],"authentication":{},"metaSortKey":-1642157320140.5,"isPrivate":false,"settingStoreCookies":true,"settingSendCookies":true,"settingDisableRenderRequestBody":false,"settingEncodeUrl":true,"settingRebuildPath":true,"settingFollowRedirects":"global","_type":"request"},{"_id":"fld_d76a6a294c734ea9bbc6fedf33cc29eb","parentId":"wrk_c441bf446d174d1bb2f01c7ad66c695b","modified":1642157632853,"created":1642157632853,"name":"Stores","description":"","environment":{},"environmentPropertyOrder":null,"metaSortKey":-1642157632853,"_type":"request_group"},{"_id":"req_f99ce0192797434f99657221acc45fe3","parentId":"fld_d76a6a294c734ea9bbc6fedf33cc29eb","modified":1642157643850,"created":1642157007059,"url":"{{url}}/store/my_store","name":"/store/<name>","description":"","method":"GET","body":{},"parameters":[],"headers":[],"authentication":{},"metaSortKey":-1642157320090.5,"isPrivate":false,"settingStoreCookies":true,"settingSendCookies":true,"settingDisableRenderRequestBody":false,"settingEncodeUrl":true,"settingRebuildPath":true,"settingFollowRedirects":"global","_type":"request"},{"_id":"req_82705a91a36849b09f1347d135816761","parentId":"fld_d76a6a294c734ea9bbc6fedf33cc29eb","modified":1642157642682,"created":1642157007056,"url":"{{url}}/store/my_store","name":"/store/<name>","description":"","method":"DELETE","body":{},"parameters":[],"headers":[],"authentication":{},"metaSortKey":-1642157320040.5,"isPrivate":false,"settingStoreCookies":true,"settingSendCookies":true,"settingDisableRenderRequestBody":false,"settingEncodeUrl":true,"settingRebuildPath":true,"settingFollowRedirects":"global","_type":"request"},{"_id":"req_94efb5c0488d43d8be95fd82b33afb97","parentId":"fld_d76a6a294c734ea9bbc6fedf33cc29eb","modified":1642157639015,"created":1642157007060,"url":"{{url}}/store","name":"/store","description":"","method":"GET","body":{},"parameters":[],"headers":[],"authentication":{},"metaSortKey":-1642157319990.5,"isPrivate":false,"settingStoreCookies":true,"settingSendCookies":true,"settingDisableRenderRequestBody":false,"settingEncodeUrl":true,"settingRebuildPath":true,"settingFollowRedirects":"global","_type":"request"},{"_id":"req_9bc4db6f4d02466aba86edef29722854","parentId":"fld_05fce0fdc405492d8a7f87842e6d4e13","modified":1642157781373,"created":1642157007070,"url":"{{url}}/login","name":"/auth","description":"","method":"POST","body":{"mimeType":"","text":"{\n\t\"username\": \"user1\",\n\t\"password\": \"abcxyz\"\n}"},"parameters":[],"headers":[{"name":"Content-Type","value":"application/json","id":"pair_8c8f8b7b9ddd4c3ca7fb6df5418b7f2e"}],"authentication":{},"metaSortKey":-1642157007070,"isPrivate":false,"settingStoreCookies":true,"settingSendCookies":true,"settingDisableRenderRequestBody":false,"settingEncodeUrl":true,"settingRebuildPath":true,"settingFollowRedirects":"global","_type":"request"},{"_id":"fld_05fce0fdc405492d8a7f87842e6d4e13","parentId":"wrk_c441bf446d174d1bb2f01c7ad66c695b","modified":1642157017423,"created":1642157007072,"name":"User create store and item","description":"Check user can register.\nCheck user can create store.\nCheck user can create item in store.","environment":{},"environmentPropertyOrder":null,"metaSortKey":-1642157007128,"_type":"request_group"},{"_id":"req_2ce4ecd840094ac1a164d7a0bfbb6d83","parentId":"fld_05fce0fdc405492d8a7f87842e6d4e13","modified":1642157887543,"created":1642157007069,"url":"{{url}}/store/test_store","name":"/store/test_store","description":"","method":"POST","body":{},"parameters":[],"headers":[],"authentication":{},"metaSortKey":-1642157007069,"isPrivate":false,"settingStoreCookies":true,"settingSendCookies":true,"settingDisableRenderRequestBody":false,"settingEncodeUrl":true,"settingRebuildPath":true,"settingFollowRedirects":"global","_type":"request"},{"_id":"req_8c68f13e77a74937b62cde1ae24bed61","parentId":"fld_05fce0fdc405492d8a7f87842e6d4e13","modified":1642157923539,"created":1642157007068,"url":"{{url}}/item/test_item","name":"/item/test_item in test_store","description":"","method":"POST","body":{"mimeType":"","text":"{\n\t\"price\": 17.99,\n\t\"store_id\": {% response 'body', 'req_2ce4ecd840094ac1a164d7a0bfbb6d83', 'b64::JC5pZA==::46b', 'never', 60 %}\n}"},"parameters":[],"headers":[{"name":"Content-Type","value":"application/json","id":"pair_d0c5451b8b044511b76436c627ffc4bb"},{"id":"pair_eb8ca7f686334ae5a48ad48412436ad9","name":"Authorization","value":"Bearer {{access_token}}","description":""}],"authentication":{},"metaSortKey":-1642157007068,"isPrivate":false,"settingStoreCookies":true,"settingSendCookies":true,"settingDisableRenderRequestBody":false,"settingEncodeUrl":true,"settingRebuildPath":true,"settingFollowRedirects":"global","_type":"request"},{"_id":"req_297f6099ee274c1f8ccceb3bc29ad582","parentId":"fld_05fce0fdc405492d8a7f87842e6d4e13","modified":1642157007065,"created":1642157007065,"url":"{{url}}/store","name":"/store","description":"","method":"GET","body":{},"parameters":[],"headers":[],"authentication":{},"metaSortKey":-1642157007065,"isPrivate":false,"settingStoreCookies":true,"settingSendCookies":true,"settingDisableRenderRequestBody":false,"settingEncodeUrl":true,"settingRebuildPath":true,"settingFollowRedirects":"global","_type":"request"},{"_id":"req_84a807bef7cd4a66bc81f5401f0639cd","parentId":"fld_05fce0fdc405492d8a7f87842e6d4e13","modified":1642157931016,"created":1642157007064,"url":"{{url}}/item/test_item","name":"/item/my_item copy","description":"","method":"DELETE","body":{},"parameters":[],"headers":[{"id":"pair_daca8133eb94474ca84748a0e4c8bcaf","name":"Authorization","value":"Bearer {{access_token}}","description":""}],"authentication":{},"metaSortKey":-1642157007064,"isPrivate":false,"settingStoreCookies":true,"settingSendCookies":true,"settingDisableRenderRequestBody":false,"settingEncodeUrl":true,"settingRebuildPath":true,"settingFollowRedirects":"global","_type":"request"},{"_id":"req_10076b1332f2458e897d7b5200c7e5de","parentId":"fld_05fce0fdc405492d8a7f87842e6d4e13","modified":1642157007063,"created":1642157007063,"url":"{{url}}/store/test_store","name":"/store/<name> copy","description":"","method":"DELETE","body":{},"parameters":[],"headers":[],"authentication":{},"metaSortKey":-1642157007063,"isPrivate":false,"settingStoreCookies":true,"settingSendCookies":true,"settingDisableRenderRequestBody":false,"settingEncodeUrl":true,"settingRebuildPath":true,"settingFollowRedirects":"global","_type":"request"},{"_id":"env_34cb01359e95568602d0f3f1a1c4d42a45b00dc5","parentId":"wrk_c441bf446d174d1bb2f01c7ad66c695b","modified":1642160933906,"created":1642149963165,"name":"Base Environment","data":{"url":"http://127.0.0.1:5000","access_token":"{% response 'body', 'req_16415c75944342dab73119513e7bd20b', 'b64::JC5hY2Nlc3NfdG9rZW4=::46b', 'never', 60 %}"},"dataPropertyOrder":{"&":["url","access_token"]},"color":null,"isPrivate":false,"metaSortKey":1642149963165,"_type":"environment"},{"_id":"jar_34cb01359e95568602d0f3f1a1c4d42a45b00dc5","parentId":"wrk_c441bf446d174d1bb2f01c7ad66c695b","modified":1642149963166,"created":1642149963166,"name":"Default Jar","cookies":[],"_type":"cookie_jar"},{"_id":"spc_f25b8aff2219447aa56189a385b1663c","parentId":"wrk_c441bf446d174d1bb2f01c7ad66c695b","modified":1642149963162,"created":1642149963162,"fileName":"Stores REST API","contents":"","contentType":"yaml","_type":"api_spec"}]}